"line_number","name","cik_key"
1,!J INC,1438823
2,"#1 A LIFESAFER HOLDINGS, INC.",1509607
3,#1 ARIZONA DISCOUNT PROPERTIES LLC,1457512
4,#1 PAINTBALL CORP,1433777
5,$ LLC,1427189
6,& S MEDIA GROUP LLC,1447162
7,&TV COMMUNICATIONS INC.,1479357
8,"'MKTG, INC.'",886475
9,'OHANA LABS INC.,1703629
10,(OURCROWD INVESTMENT IN MST) L.P.,1599496
11,(Y.Z) QUEENCO LTD.,1623088
12,".CLUB DOMAINS, LLC",1577787
13,"012 SMILE.COMMUNICATIONS LTD",1402606
14,"02 MEDTECH INC",1409768
15,"0210, LLC",1494698
16,"024 PHARMA, INC.",1307969
17,"02DIESEL CORP",1414080
18,"03 ENTERTAINMENT GROUP INC",1322914
19,"033 ASSET MANAGEMENT LLC /",1114831
20,"05 AFWAIN COURITY KATHY LLC",1398981
21,"05 CAT THIEF/GOLD IN MY STARS LLC",1406134
22,"05 DIXIE UNION/UNDER FIRE LLC",1395687
23,"05 EL CORREDOR/ONE BAD CAT LLC",1398457
24,"05 FREUD/LAVISH NUMBERS LLC",1402813
25,"05 GOLD CASE/JETAZELLE LLC",1398456
26,"05 HOLD THAT TIGER TOJUR LLC",1394816
27,"05 INDIAN CHARLIE/HELLO KITTY KITTY LLC",1395686
28,"05 KAFWAIN JOVIAL WINGS LLC",1399020
29,"05 LIDO PALACEMADA MEADOWLAKE LLC",1398982
30,"05 MACHO UNO GO DONNA GO LLC",1394815
31,"05 MALABAR GOLD/KNOCK ON GIN LLC",1406031
32,"05 PHONE/TRICK/LIGHTBEAM LLC",1404585
33,"05 SMOKE GLACKEN/ADDED TIME LLC",1398553
34,"05 STORM CAT COUNTRY ROMANCE LLC",1398985
35,"05 TRIPPI/PROLOGUE LLC",1398705
36,"05 TWO PUNCH/SOMETHING LIGHT LLC",1412460
37,"05JV3 PROGRAM",1329695
38,"05JV4 PROGRAM",1332378
39,"06 BOWMANS BAND/GRACEFUL PROSPECT LLC",1450403
40,"06 BROKEN VOW/E1'S RED CAT LLC",1420655
41,"06 CITY PLACE LIBRARIAN LLC",1431063
42,"06 DATTTSDAWAYILIKEIT LLC",1431029
43,"06 DIXIE UNION/GENERAL JEANNE LLC",1416530
44,"06 E DUBAI/TWICE FORBIDDEN LLC",1441323
45,"06 EL CORREDOR JUST GIN'N LLC",1437419
46,"06 ELUSIVE QUALITY LAVENDER LLC",1431035
47,"06 FLATTER/BE A QUIET HONEY LLC",1441344
48,"06 FOREST CAMP/HOPES DIAMOND LLC",1440017
49,"06 FRIENDS LAKE/PROFIT SYSTEM LLC",1441524
50,"06 INDIAN CHARLIE RISING TIDE LLC",1430273
51,"06 LION HEART MOMENTS DELIGHT LLC",1438444
52,"06 MALIBU MOON/NATIONAL PASTIME LLC",1436383
53,"06 NOT FOR LOVE/NEAR & DEAR LLC",1419524
54,"06 PEACE FULES JUSTFORTHEGIRLS LLC",1433512
55,"06 PEACE RULES/MAMBO MISTRESS LLC",1433788
56,"06 PURE PRIZE GLORIAS GOLD LLC",1436390
57,"06 READ THE FOOTNOTES/RE RE BE BE LLC",1433978
58,"06 ROARING FEVER/REPAST LLC",1418419
59,"06 ROCK SLIDE/IN GLOWING COLORS LLC",1420656
60,"06 SARAVA JUST GORGEOUS LLC",1437320
61,"06 SEATTLE FITZ LIGHT LINE LLC",1429750
62,"06 SILVER DEPUTY BELOVED LLC",1435216
63,"06 SILVER DEPUTY DAISY DUKES LLC",1429800
64,"06 TAPIT LOOKING FOR A STAR LLC",1433513
65,"06 TETON FOREST PRINCESS SEQUOIA LLC",1431571
66,"06 TIGER RIDGE/EM BARBIE DOLL LLC",1437319
67,"06 WEST ACRE CLASSIC BEAUTY LLC",1433971
68,"06 WESTS SECRET LLC",1434905
69,"06068900 B.C. LTD.",1477445
70,"07 CASTLEDALE/MARY CAROLYN, LLC",1462728
71,"07 CLOSING ARGUMENT/AUTUMN MUSIC LLC",1449175
72,"07 CONSOLIDATOR/SUTTER SUTTER, LLC",1459753
73,"07 DIXIE UNION/MAIDEN VOYAGE, LLC",1462727
74,"07 EXCHANGE RATE/STAR ONE ONE LLC",1450794
75,"07 FOREST CAMP/QUIET SUMMERNIGHT, LLC",1462274
76,"07 FOREST CAMP/VICTORY TRICK, LLC",1463759
77,"07 FOREST DANGER/STARSHIP SENSATION, LLC",1470268
78,"07 GRAEME HALL/VINES OF JUSTICE, LLC",1459751
79,"07 GRAND REWARD/ROSE CITY, LLC",1462597
80,"07 MACHO UNO/VICTORIAN SILVER LLC",1449174
81,"07 MORE THAN READY/GERA LLC",1450792
82,"07 NOT FOR LOVE/LADY TIARA, LLC",1462859
83,"07 OFFLEE WILD/A LOOSE KISSER, LLC",1467551
84,"07 OFFLEE WILD/PRIZE CONNECTION, LLC",1485048
85,"07 PICO CENTRAL/BROWN EYED MISS, LLC",1463761
86,"07 PLEASANTLY PERFECT/GENERAL JEANNE, LLC",1469942
87,"07 QUESTRESS LLC",1449120
88,"07 ROCK HARD TEN/GEMILLI, LLC",1462598
89,"07 SEATTLE FITZ/WATCH THAT GIRL LLC",1449176
90,"07 SEINNE GERANIUM LLC",1450803
91,"07 SKY MESA/CITIVIEW, LLC",1461619
92,"07 SMARTY JONES/SUNRISE SLEW, LLC",1462860
93,"07 SUCCESSFUL APPEAL/BIG SCORE, LLC",1460306
94,"07 TAPIT/GRANUAILE, LLC",1459752
95,"0718806 BC, LTD",1427374
96,"0741693 B.C. LTD.",1374489
97,"0761717 B.C. LTD.",1374490
98,"0766284 B.C. LTD",1396608
99,"0787251 BC LTD",1413382
100,"0792725 B.C. LTD",1404326
